<?xml version="1.0" encoding="UTF-8"?>

<!--
    Document   : socialstreams.xml
    Created on : 31 January 2012, 11:55
    Author     : stuart
    Description:
        Purpose of the document follows.
-->

<install type="component" version="2.5.0">
    <name>COM_SOCIALSTREAMS</name>
 <!-- The following elements are optional and free of formatting constraints -->
    <creationDate>2012-01-31</creationDate>
    <author>Stuart laverick</author>
    <authorEmail>stuart@appropriatesolutions.co.uk</authorEmail>
    <authorUrl>http://www.appropriatesolutions.co.uk</authorUrl>
    <copyright>Copyright Info</copyright>
    <license>License Info</license>
 <!--  The version string is recorded in the components table -->
    <version>0.3.2</version>
 <!-- The description is optional and defaults to the name -->
    <description>COM_SOCIALSTREAMS_DESCRIPTION</description>
    
    <!-- Runs on install/uninstall/update; New in 1.6 -->
    <scriptfile>script.php</scriptfile>
    
    <install> <!-- Runs on install -->
	<sql>
	    <file driver="mysql" charset="utf8">sql/install.mysql.utf8.sql</file>
	</sql>
    </install>
    <uninstall> <!-- Runs on uninstall -->
	<sql>
	    <file driver="mysql" charset="utf8">sql/uninstall.mysql.utf8.sql</file>
	</sql>
    </uninstall>
    
    <update> <!-- Runs on update; New in 2.5 -->
	<schemas>
	    <schemapath type="mysql">sql/updates/mysql</schemapath>
	</schemas>
    </update>
 
 <!-- Site Main File Copy Section -->
 <!-- Note the folder attribute: This attribute describes the folder
      to copy FROM in the package to install therefore files copied
      in this section are copied from /site/ in the package -->
    <files folder="site">
	<filename>controller.php</filename>
	<filename>socialstreams.php</filename>
	<filename>index.html</filename>
	<folder>models</folder>
	<folder>views</folder>
    </files>
    
    <media destination="com_socialstreams" folder="media">
	<filename>index.html</filename>
	<folder>js</folder>
	<folder>css</folder>
	<folder>images</folder>
    </media>
 
    <administration>
  <!-- Administration Menu Section -->
	<menu>COM_SOCIALSTREAMS</menu>
 
  <!-- Administration Main File Copy Section -->
	<files folder="admin">
	    <filename>controller.php</filename>
	    <filename>socialstreams.php</filename>
	    <filename>config.xml</filename>
	    <filename>index.html</filename>
	    <folder>controllers</folder>
	    <folder>helpers</folder>
	    <folder>language</folder>
	    <folder>lib</folder>
	    <folder>models</folder>
	    <folder>sql</folder>
	    <folder>tables</folder>
	    <folder>views</folder>
	</files>
	
	<languages folder="admin">
	    <language tag="en-GB">language/en-GB/en-GB.com_socialstreams.ini</language>
	    <language tag="en-GB">language/en-GB/en-GB.com_socialstreams.sys.ini</language>
	</languages>
 
    </administration>
</install>
